﻿<?xml version="1.0" encoding="utf-8" ?>
<SolutionProfile xmlns="http://schemas.microsoft.com/pag/cab-profile/2.0">
	<Section Name="Layout">
		<Modules>
			<ModuleInfo AssemblyFile="Infrastructure.Layout.dll" />
		</Modules>
	</Section>

	<Section Name="WorkStationValidation">
		<Modules>
			<ModuleInfo AssemblyFile="UI.WMLogin.dll" />
			<ModuleInfo AssemblyFile="UI.PickUp.dll" />
			<ModuleInfo AssemblyFile="UI.PatientMaintenance.dll" />
		</Modules>
	</Section>

	<Section Name="Apps">
		<Dependencies>
			<Dependency Name="Layout" />
			<Dependency Name="WorkStationValidation" />
		</Dependencies>
		<Modules>
			<ModuleInfo AssemblyFile="UI.Reports.dll" />
			<ModuleInfo AssemblyFile="UI.Fax.dll" />
			<ModuleInfo AssemblyFile="UI.Counsel.dll" />
			<ModuleInfo AssemblyFile="UI.VisualVerify.dll" />
			<ModuleInfo AssemblyFile="UI.VisualVerifyModern.dll" />
			<ModuleInfo AssemblyFile="UI.ClinicalIntelligence.dll" />
			<ModuleInfo AssemblyFile="UI.Search.dll" />
			<ModuleInfo AssemblyFile="UI.DropOff.dll" />
			<ModuleInfo AssemblyFile="UI.Input.dll" />
			<ModuleInfo AssemblyFile="UI.Fill.dll" />
			<ModuleInfo AssemblyFile="UI.HPC.dll" />
			<ModuleInfo AssemblyFile="UI.WQAddons.dll" />
			<ModuleInfo AssemblyFile="UI.PrescriberMaintenance.dll" />

			<ModuleInfo AssemblyFile="UI.ItemMaintenance.dll" />
			<ModuleInfo AssemblyFile="UI.Tools.dll" />
			<ModuleInfo AssemblyFile="UI.RxMaintenance.dll" />
			<ModuleInfo AssemblyFile="UI.DUR.dll" />
			<ModuleInfo AssemblyFile="UI.ThirdParty.dll" />
			<ModuleInfo AssemblyFile="UI.TroubleShoot.dll" />
			<ModuleInfo AssemblyFile="UI.STSTransfer.dll" />
			<ModuleInfo AssemblyFile="UI.OrderManagement.dll" />
			<ModuleInfo AssemblyFile="UI.ShippingSupply.dll" />
			<ModuleInfo AssemblyFile="UI.ServiceAdministration.dll" />
			<ModuleInfo AssemblyFile="UI.ImmunizationEventMaintenance.dll" />
			<ModuleInfo AssemblyFile="UI.InventoryManagement.dll" />
			<ModuleInfo AssemblyFile="UI.CancelRx.dll" />
		</Modules>
	</Section>
</SolutionProfile>
